[
{"Carte1" : {"Type" : "VacheNormale",
"Nombre" : "1",
"Mouches" : "0"},
"Carte2" : {"Type" : "VacheNormale",
"Nombre" : "2",
"Mouches" : "0"},
"Carte3" : {"Type" : "VacheNormale",
"Nombre" : "3",
"Mouches" : "0"},
"Carte4" : {"Type" : "VacheNormale",
"Nombre" : "4",
"Mouches" : "0"},
"Carte5" : {"Type" : "VacheNormale",
"Nombre" : "5",
"Mouches" : "0"},
"Carte6" : {"Type" : "VacheNormale",
"Nombre" : "6",
"Mouches" : "0"},
"Carte7" : {"Type" : "VacheNormale",
"Nombre" : "7",
"Mouches" : "0"},
"Carte8" : {"Type" : "VacheNormale",
"Nombre" : "8",
"Mouches" : "0"},
"Carte9" : {"Type" : "VacheNormale",
"Nombre" : "9",
"Mouches" : "0"},
"Carte10" : {"Type" : "VacheNormale",
"Nombre" : "10",
"Mouches" : "0"},
"Carte11" : {"Type" : "VacheNormale",
"Nombre" : "11",
"Mouches" : "0"},
"Carte12" : {"Type" : "VacheNormale",
"Nombre" : "12",
"Mouches" : "0"},
"Carte13" : {"Type" : "VacheNormale",
"Nombre" : "13",
"Mouches" : "0"},
"Carte14" : {"Type" : "VacheNormale",
"Nombre" : "14",
"Mouches" : "0"},
"Carte15" : {"Type" : "VacheNormale",
"Nombre" : "15",
"Mouches" : "0"},
"Carte16" : {"Type" : "VacheNormale",
"Nombre" : "2",
"Mouches" : "1"},
"Carte17" : {"Type" : "VacheNormale",
"Nombre" : "3",
"Mouches" : "1"},
"Carte18" : {"Type" : "VacheNormale",
"Nombre" : "4",
"Mouches" : "1"},
"Carte19" : {"Type" : "VacheNormale",
"Nombre" : "5",
"Mouches" : "1"},
"Carte20" : {"Type" : "VacheNormale",
"Nombre" : "6",
"Mouches" : "1"},
"Carte21" : {"Type" : "VacheNormale",
"Nombre" : "7",
"Mouches" : "1"},
"Carte22" : {"Type" : "VacheNormale",
"Nombre" : "8",
"Mouches" : "1"},
"Carte23" : {"Type" : "VacheNormale",
"Nombre" : "9",
"Mouches" : "1"},
"Carte24" : {"Type" : "VacheNormale",
"Nombre" : "10",
"Mouches" : "1"},
"Carte25" : {"Type" : "VacheNormale",
"Nombre" : "11",
"Mouches" : "1"},
"Carte26" : {"Type" : "VacheNormale",
"Nombre" : "12",
"Mouches" : "1"},
"Carte27" : {"Type" : "VacheNormale",
"Nombre" : "13",
"Mouches" : "1"},
"Carte28" : {"Type" : "VacheNormale",
"Nombre" : "14",
"Mouches" : "1"},
"Carte29" : {"Type" : "VacheNormale",
"Nombre" : "3",
"Mouches" : "2"},
"Carte30" : {"Type" : "VacheNormale",
"Nombre" : "4",
"Mouches" : "2"},
"Carte31" : {"Type" : "VacheNormale",
"Nombre" : "5",
"Mouches" : "2"},
"Carte32" : {"Type" : "VacheNormale",
"Nombre" : "6",
"Mouches" : "2"},
"Carte33" : {"Type" : "VacheNormale",
"Nombre" : "7",
"Mouches" : "2"},
"Carte34" : {"Type" : "VacheNormale",
"Nombre" : "8",
"Mouches" : "2"},
"Carte35" : {"Type" : "VacheNormale",
"Nombre" : "9",
"Mouches" : "2"},
"Carte36" : {"Type" : "VacheNormale",
"Nombre" : "10",
"Mouches" : "2"},
"Carte37" : {"Type" : "VacheNormale",
"Nombre" : "11",
"Mouches" : "2"},
"Carte38" : {"Type" : "VacheNormale",
"Nombre" : "12",
"Mouches" : "2"},
"Carte39" : {"Type" : "VacheNormale",
"Nombre" : "13",
"Mouches" : "2"},
"Carte40" : {"Type" : "VacheNormale",
"Nombre" : "7",
"Mouches" : "3"},
"Carte41" : {"Type" : "VacheNormale",
"Nombre" : "8",
"Mouches" : "3"},
"Carte42" : {"Type" : "VacheNormale",
"Nombre" : "9",
"Mouches" : "3"},
"Carte43" : {"Type" : "VacheSerreFile",
"Nombre" : "0",
"Mouches" : "5"},
"Carte44" : {"Type" : "VacheSerreFile",
"Nombre" : "16",
"Mouches" : "5"},
"Carte45" : {"Type" : "VacheAcrobate",
"Nombre" : "7",
"Mouches" : "5"},
"Carte46" : {"Type" : "VacheAcrobate",
"Nombre" : "9",
"Mouches" : "5"},
"Carte47" : {"Type" : "VacheRetardataire",
"Nombre" : "",
"Mouches" : "5"},
"Carte48" : {"Type" : "VacheRetardataire",
"Nombre" : "",
"Mouches" : "5"}
}
]
